week,site,topic_type,target_keyword,suggested_url,brief
1,"K1 Game Library","guide","k1 game teen patti android setup","/guides/k1-game-teen-patti-android-setup/","Write a unique games article with original screenshots, local examples, FAQ, and internal links. Do not reuse the same article structure across domains."
2,"K1 Game Library","guide","k1 game mines new user guide","/guides/k1-game-mines-new-user-guide/","Write a unique games article with original screenshots, local examples, FAQ, and internal links. Do not reuse the same article structure across domains."
3,"K1 Game Library","comparison","k1 game crash games Pakistan mobile users","/guides/k1-game-crash-games-pakistan-mobile-users/","Write a unique games article with original screenshots, local examples, FAQ, and internal links. Do not reuse the same article structure across domains."
4,"K1 Game Library","faq","k1 game dragon tiger common mistake","/guides/k1-game-dragon-tiger-common-mistake/","Write a unique games article with original screenshots, local examples, FAQ, and internal links. Do not reuse the same article structure across domains."
5,"K1 Game Library","refresh","k1 game fishing safe checklist","/guides/k1-game-fishing-safe-checklist/","Write a unique games article with original screenshots, local examples, FAQ, and internal links. Do not reuse the same article structure across domains."
6,"K1 Game Library","comparison","k1 game card games vs mines step by step","/guides/k1-game-card-games-vs-mines-step-by-step/","Write a unique games article with original screenshots, local examples, FAQ, and internal links. Do not reuse the same article structure across domains."
7,"K1 Game Library","guide","k1 game risk levels FAQ update","/guides/k1-game-risk-levels-faq-update/","Write a unique games article with original screenshots, local examples, FAQ, and internal links. Do not reuse the same article structure across domains."
8,"K1 Game Library","faq","k1 game beginner mistakes weekly review","/guides/k1-game-beginner-mistakes-weekly-review/","Write a unique games article with original screenshots, local examples, FAQ, and internal links. Do not reuse the same article structure across domains."
9,"K1 Game Library","comparison","k1 game games faq comparison notes","/guides/k1-game-games-faq-comparison-notes/","Write a unique games article with original screenshots, local examples, FAQ, and internal links. Do not reuse the same article structure across domains."
10,"K1 Game Library","refresh","k1 game responsible play support evidence","/guides/k1-game-responsible-play-support-evidence/","Write a unique games article with original screenshots, local examples, FAQ, and internal links. Do not reuse the same article structure across domains."
11,"K1 Game Library","guide","k1 game aviator device compatibility","/guides/k1-game-aviator-device-compatibility/","Write a unique games article with original screenshots, local examples, FAQ, and internal links. Do not reuse the same article structure across domains."
12,"K1 Game Library","faq","k1 game library notes error fix","/guides/k1-game-library-notes-error-fix/","Write a unique games article with original screenshots, local examples, FAQ, and internal links. Do not reuse the same article structure across domains."
13,"K1 Game Library","guide","k1 game teen patti June update","/guides/k1-game-teen-patti-june-update/","Write a unique games article with original screenshots, local examples, FAQ, and internal links. Do not reuse the same article structure across domains."
14,"K1 Game Library","guide","k1 game mines July update","/guides/k1-game-mines-july-update/","Write a unique games article with original screenshots, local examples, FAQ, and internal links. Do not reuse the same article structure across domains."
15,"K1 Game Library","refresh","k1 game crash games 2026 refresh","/guides/k1-game-crash-games-2026-refresh/","Write a unique games article with original screenshots, local examples, FAQ, and internal links. Do not reuse the same article structure across domains."
16,"K1 Game Library","faq","k1 game dragon tiger android setup","/guides/k1-game-dragon-tiger-android-setup/","Write a unique games article with original screenshots, local examples, FAQ, and internal links. Do not reuse the same article structure across domains."
17,"K1 Game Library","guide","k1 game fishing new user guide","/guides/k1-game-fishing-new-user-guide/","Write a unique games article with original screenshots, local examples, FAQ, and internal links. Do not reuse the same article structure across domains."
18,"K1 Game Library","comparison","k1 game card games vs mines Pakistan mobile users","/guides/k1-game-card-games-vs-mines-pakistan-mobile-users/","Write a unique games article with original screenshots, local examples, FAQ, and internal links. Do not reuse the same article structure across domains."
19,"K1 Game Library","guide","k1 game risk levels common mistake","/guides/k1-game-risk-levels-common-mistake/","Write a unique games article with original screenshots, local examples, FAQ, and internal links. Do not reuse the same article structure across domains."
20,"K1 Game Library","refresh","k1 game beginner mistakes safe checklist","/guides/k1-game-beginner-mistakes-safe-checklist/","Write a unique games article with original screenshots, local examples, FAQ, and internal links. Do not reuse the same article structure across domains."
21,"K1 Game Library","comparison","k1 game games faq step by step","/guides/k1-game-games-faq-step-by-step/","Write a unique games article with original screenshots, local examples, FAQ, and internal links. Do not reuse the same article structure across domains."
22,"K1 Game Library","guide","k1 game responsible play FAQ update","/guides/k1-game-responsible-play-faq-update/","Write a unique games article with original screenshots, local examples, FAQ, and internal links. Do not reuse the same article structure across domains."
23,"K1 Game Library","guide","k1 game aviator weekly review","/guides/k1-game-aviator-weekly-review/","Write a unique games article with original screenshots, local examples, FAQ, and internal links. Do not reuse the same article structure across domains."
24,"K1 Game Library","faq","k1 game library notes comparison notes","/guides/k1-game-library-notes-comparison-notes/","Write a unique games article with original screenshots, local examples, FAQ, and internal links. Do not reuse the same article structure across domains."
25,"K1 Game Library","refresh","k1 game teen patti support evidence","/guides/k1-game-teen-patti-support-evidence/","Write a unique games article with original screenshots, local examples, FAQ, and internal links. Do not reuse the same article structure across domains."
26,"K1 Game Library","guide","k1 game mines device compatibility","/guides/k1-game-mines-device-compatibility/","Write a unique games article with original screenshots, local examples, FAQ, and internal links. Do not reuse the same article structure across domains."
27,"K1 Game Library","comparison","k1 game crash games error fix","/guides/k1-game-crash-games-error-fix/","Write a unique games article with original screenshots, local examples, FAQ, and internal links. Do not reuse the same article structure across domains."
28,"K1 Game Library","faq","k1 game dragon tiger June update","/guides/k1-game-dragon-tiger-june-update/","Write a unique games article with original screenshots, local examples, FAQ, and internal links. Do not reuse the same article structure across domains."
29,"K1 Game Library","guide","k1 game fishing July update","/guides/k1-game-fishing-july-update/","Write a unique games article with original screenshots, local examples, FAQ, and internal links. Do not reuse the same article structure across domains."
30,"K1 Game Library","refresh","k1 game card games vs mines 2026 refresh","/guides/k1-game-card-games-vs-mines-2026-refresh/","Write a unique games article with original screenshots, local examples, FAQ, and internal links. Do not reuse the same article structure across domains."
31,"K1 Game Library","guide","k1 game risk levels android setup","/guides/k1-game-risk-levels-android-setup/","Write a unique games article with original screenshots, local examples, FAQ, and internal links. Do not reuse the same article structure across domains."
32,"K1 Game Library","faq","k1 game beginner mistakes new user guide","/guides/k1-game-beginner-mistakes-new-user-guide/","Write a unique games article with original screenshots, local examples, FAQ, and internal links. Do not reuse the same article structure across domains."
33,"K1 Game Library","comparison","k1 game games faq Pakistan mobile users","/guides/k1-game-games-faq-pakistan-mobile-users/","Write a unique games article with original screenshots, local examples, FAQ, and internal links. Do not reuse the same article structure across domains."
34,"K1 Game Library","guide","k1 game responsible play common mistake","/guides/k1-game-responsible-play-common-mistake/","Write a unique games article with original screenshots, local examples, FAQ, and internal links. Do not reuse the same article structure across domains."
35,"K1 Game Library","refresh","k1 game aviator safe checklist","/guides/k1-game-aviator-safe-checklist/","Write a unique games article with original screenshots, local examples, FAQ, and internal links. Do not reuse the same article structure across domains."
36,"K1 Game Library","faq","k1 game library notes step by step","/guides/k1-game-library-notes-step-by-step/","Write a unique games article with original screenshots, local examples, FAQ, and internal links. Do not reuse the same article structure across domains."
37,"K1 Game Library","guide","k1 game teen patti FAQ update","/guides/k1-game-teen-patti-faq-update/","Write a unique games article with original screenshots, local examples, FAQ, and internal links. Do not reuse the same article structure across domains."
38,"K1 Game Library","guide","k1 game mines weekly review","/guides/k1-game-mines-weekly-review/","Write a unique games article with original screenshots, local examples, FAQ, and internal links. Do not reuse the same article structure across domains."
39,"K1 Game Library","comparison","k1 game crash games comparison notes","/guides/k1-game-crash-games-comparison-notes/","Write a unique games article with original screenshots, local examples, FAQ, and internal links. Do not reuse the same article structure across domains."
40,"K1 Game Library","refresh","k1 game dragon tiger support evidence","/guides/k1-game-dragon-tiger-support-evidence/","Write a unique games article with original screenshots, local examples, FAQ, and internal links. Do not reuse the same article structure across domains."
41,"K1 Game Library","guide","k1 game fishing device compatibility","/guides/k1-game-fishing-device-compatibility/","Write a unique games article with original screenshots, local examples, FAQ, and internal links. Do not reuse the same article structure across domains."
42,"K1 Game Library","comparison","k1 game card games vs mines error fix","/guides/k1-game-card-games-vs-mines-error-fix/","Write a unique games article with original screenshots, local examples, FAQ, and internal links. Do not reuse the same article structure across domains."
43,"K1 Game Library","guide","k1 game risk levels June update","/guides/k1-game-risk-levels-june-update/","Write a unique games article with original screenshots, local examples, FAQ, and internal links. Do not reuse the same article structure across domains."
44,"K1 Game Library","faq","k1 game beginner mistakes July update","/guides/k1-game-beginner-mistakes-july-update/","Write a unique games article with original screenshots, local examples, FAQ, and internal links. Do not reuse the same article structure across domains."
45,"K1 Game Library","refresh","k1 game games faq 2026 refresh","/guides/k1-game-games-faq-2026-refresh/","Write a unique games article with original screenshots, local examples, FAQ, and internal links. Do not reuse the same article structure across domains."
46,"K1 Game Library","guide","k1 game responsible play android setup","/guides/k1-game-responsible-play-android-setup/","Write a unique games article with original screenshots, local examples, FAQ, and internal links. Do not reuse the same article structure across domains."
47,"K1 Game Library","guide","k1 game aviator new user guide","/guides/k1-game-aviator-new-user-guide/","Write a unique games article with original screenshots, local examples, FAQ, and internal links. Do not reuse the same article structure across domains."
48,"K1 Game Library","faq","k1 game library notes Pakistan mobile users","/guides/k1-game-library-notes-pakistan-mobile-users/","Write a unique games article with original screenshots, local examples, FAQ, and internal links. Do not reuse the same article structure across domains."
49,"K1 Game Library","guide","k1 game teen patti common mistake","/guides/k1-game-teen-patti-common-mistake/","Write a unique games article with original screenshots, local examples, FAQ, and internal links. Do not reuse the same article structure across domains."
50,"K1 Game Library","refresh","k1 game mines safe checklist","/guides/k1-game-mines-safe-checklist/","Write a unique games article with original screenshots, local examples, FAQ, and internal links. Do not reuse the same article structure across domains."
51,"K1 Game Library","comparison","k1 game crash games step by step","/guides/k1-game-crash-games-step-by-step/","Write a unique games article with original screenshots, local examples, FAQ, and internal links. Do not reuse the same article structure across domains."
52,"K1 Game Library","faq","k1 game dragon tiger FAQ update","/guides/k1-game-dragon-tiger-faq-update/","Write a unique games article with original screenshots, local examples, FAQ, and internal links. Do not reuse the same article structure across domains."
