week,site,content_type,target_keyword,url,action
1,"K1 Game Library","game","k1 game teen patti","/guides/teen-patti-guide/","Publish or improve: K1 Game Teen Patti Guide"
1,"K1 Game Library","game","k1 game mines","/guides/mines-beginner-guide/","Publish or improve: K1 Game Mines Beginner Guide"
1,"K1 Game Library","game","k1 game crash games","/guides/crash-games-explained/","Publish or improve: K1 Game Crash Games Explained"
2,"K1 Game Library","game","k1 game dragon tiger","/guides/dragon-tiger-rules/","Publish or improve: K1 Game Dragon Tiger Rules"
2,"K1 Game Library","game","k1 game fishing","/guides/fishing-game-guide/","Publish or improve: K1 Game Fishing Game Guide"
2,"K1 Game Library","comparison","k1 game card games vs mines","/guides/card-games-vs-mines/","Publish or improve: K1 Game Card Games vs Mines"
3,"K1 Game Library","safety","k1 game risk levels","/guides/game-risk-levels/","Publish or improve: K1 Game Risk Levels by Game Type"
3,"K1 Game Library","tutorial","k1 game beginner mistakes","/guides/beginner-mistakes/","Publish or improve: Common Beginner Mistakes in K1 Game"
3,"K1 Game Library","faq","k1 game games faq","/guides/game-library-faq/","Publish or improve: K1 Game Library FAQ"
4,"K1 Game Library","safety","k1 game responsible play","/guides/responsible-play-guide/","Publish or improve: Responsible Play Guide for K1 Game Users"
4,"K1 Game Library","game","k1 game aviator","/guides/aviator-style-games/","Publish or improve: K1 Game Aviator-Style Games"
4,"K1 Game Library","freshness","k1 game library notes","/guides/weekly-game-notes/","Publish or improve: Weekly K1 Game Library Notes"
5,"K1 Game Library","refresh","k1 game games","/","Review GSC impressions, rewrite title, add FAQ, update internal links"
6,"K1 Game Library","refresh","k1 game games","/","Review GSC impressions, rewrite title, add FAQ, update internal links"
7,"K1 Game Library","refresh","k1 game games","/","Review GSC impressions, rewrite title, add FAQ, update internal links"
8,"K1 Game Library","refresh","k1 game games","/","Review GSC impressions, rewrite title, add FAQ, update internal links"
9,"K1 Game Library","h5","k1 game h5 online","/guides/h5-online-guide/","Publish or improve: K1 Game H5 Online Guide for Pakistan Users"
"2026-06-13","published","k1 game earning claims Pakistan","/guides/earning-claims-checklist/","second content expansion","new long-tail page with FAQ, internal links, GA and sitemap entry"
"2026-06-13","published","k1 game new user risk checklist","/guides/new-user-risk-checklist/","third content expansion","new long-tail page with K1 public evidence, FAQ, schema and internal links"
"2026-06-16","published","k1 game low balance games","/guides/low-balance-games-guide/","daily content sprint","new intent-specific page with FAQ, internal links, sitemap and feed entry"
2026-06-16,k1earningpk.com,K1 Game Library,"k1 game demo vs real balance",/guides/demo-vs-real-balance/,fourth ranking cluster
2026-06-16,k1earningpk.com,K1 Game Library,"k1 game earning proof",/guides/earning-proof-checklist/,fifth problem keyword cluster
2026-06-16,k1earningpk.com,K1 Game Library,"k1 game beginner safe game types",/guides/beginner-safe-game-types/,sixth scale cluster
2026-06-16,k1earningpk.com,K1 Game Library,"k1 game bonus balance vs real balance",/guides/bonus-balance-vs-real-balance/,sixth scale cluster
2026-06-16,k1earningpk.com,K1 Game Library,"k1 game earning app risk before register",/guides/earning-app-risk-before-register/,sixth scale cluster
2026-06-17,k1earningpk.com,K1 Game Library,"k1 game small win screenshot real or demo",/guides/small-win-screenshot-real-or-demo/,next content sprint
7,"K1 Game Library","earning","k1 game real earning proof checklist","/guides/real-earning-proof-checklist/","Publish or improve: K1 Game Real Earning Proof Checklist: What Counts?"
7,"K1 Game Library","earning","k1 game demo balance vs cash","/guides/demo-balance-vs-cash/","Publish or improve: K1 Game Demo Balance vs Cash: How to Read Balance Labels"
